{"onset": [14.490046694519538, 15.579257802899976, 16.699926271811258, 16.96731383632342, 17.242565740968296, 17.55320717621037, 28.618333742934382, 29.951339395428853, 31.3393954288523, 31.89776357827476, 32.07077906119439, 32.28311624477759, 32.42467436716638, 32.49152125829442, 32.92012779552716, 33.01056770705333, 33.16392233964119, 33.23076923076923, 33.623986237404765, 33.71442614893094, 33.86384861145245, 33.94249201277955, 34.36323420987958, 34.50086016220202, 35.14966822315065, 35.275497665274024, 37.784222167608746, 38.64536741214057, 38.75153600393217, 38.838043745391985, 39.22732858196117, 39.31776849348734, 39.46325878594249, 39.53403784713689, 39.93511919390514, 40.037355615630375, 40.17891373801917, 40.26148930941263, 41.114770213811745, 43.79651019906611, 47.13099041533546, 47.7797984762841, 50.1941508970263, 50.34750552961415, 50.50086016220202, 50.8901449987712, 50.97272057016466, 51.13000737281887, 51.19685426394692, 51.74735807323667, 51.884984025559106, 51.98328827721799, 52.14450724993856, 52.29786188252642, 52.36470877365446, 52.78545097075448, 52.8719587122143, 53.01744900466945, 53.0921602359302, 53.9651019906611, 55.168346030965836, 56.63111329565004, 57.01253379208651, 58.02703366920619, 58.66011304988941, 58.78594249201278, 58.94322929466699, 59.061194396657655, 59.21454902924552, 59.64315556647825, 59.72966330793807, 59.88695011059228, 59.96166134185304, 62.230523470140085, 63.27648070779061, 63.846645367412144, 69.65052838535267, 70.19316785450971, 71.73851069058736, 71.91545834357336, 74.34947161464733, 74.50282624723519, 74.67584173015483, 74.81739985254362, 74.92750061440157, 75.18702383878103, 77.20029491275497, 95.25288768739247, 99.21651511427869], "offset": [14.596215286311132, 15.689358564757926, 16.77070533300565, 17.02629638731875, 17.329073482428115, 17.655443597935612, 28.724502334725976, 30.100761857950356, 31.453428360776602, 32.0, 32.180879823052344, 32.40108134676825, 32.48758908822806, 32.703858441877614, 32.97911034652249, 33.144261489309415, 33.22290489063652, 33.44703858441878, 33.67903661833374, 33.84811993118702, 33.93462767264684, 34.150897026296384, 34.418284590808554, 34.563774883263704, 35.20865077414598, 35.34234455640206, 37.870729909068565, 38.71221430326862, 38.83017940525928, 39.046448758908824, 39.28237896289014, 39.43966576554436, 39.52617350700418, 39.75423937085279, 39.998033914966825, 40.1671172278201, 40.257557139346275, 40.46989432292947, 41.17768493487343, 43.85156057999509, 47.20176947652986, 47.88203489800934, 50.260997788154334, 50.378962890145, 50.713197345785204, 50.94126320963382, 51.102482182354386, 51.19292209388056, 51.41705578766282, 51.814204964364706, 51.936102236421725, 52.097321209142294, 52.27033669206193, 52.35684443352175, 52.57704595723765, 52.83656918161711, 53.00565249447038, 53.084295895797496, 53.30842958957975, 54.016220201523716, 55.215532071762105, 56.70582452691079, 57.06758417301548, 58.08994839026788, 58.730892111083804, 58.84885721307447, 58.986483165396905, 59.10444826738757, 59.43081838289506, 59.698205947407224, 59.85942492012779, 59.94986483165397, 60.173998525436225, 62.281641681002704, 63.32759891865323, 63.90169574834112, 69.71344310641435, 70.26001474563775, 71.78962890144999, 71.93905136397149, 74.41238633570902, 74.56180879823053, 74.71909560088474, 74.86851806340624, 75.01007618579503, 75.28139592037355, 77.38117473580732, 95.44949619071025, 99.41705578766282], "cluster": ["vocal", "vocal", "vocal", "vocal", "vocal", "vocal", "vocal", "vocal", "vocal", "vocal", "vocal", "vocal", "vocal", "vocal", "vocal", "vocal", "vocal", "vocal", "vocal", "vocal", "vocal", "vocal", "vocal", "vocal", "vocal", "vocal", "vocal", "vocal", "vocal", "vocal", "vocal", "vocal", "vocal", "vocal", "vocal", "vocal", "vocal", "vocal", "vocal", "vocal", "vocal", "vocal", "vocal", "vocal", "vocal", "vocal", "vocal", "vocal", "vocal", "vocal", "vocal", "vocal", "vocal", "vocal", "vocal", "vocal", "vocal", "vocal", "vocal", "vocal", "vocal", "vocal", "vocal", "vocal", "vocal", "vocal", "vocal", "vocal", "vocal", "vocal", "vocal", "vocal", "vocal", "vocal", "vocal", "vocal", "vocal", "vocal", "vocal", "vocal", "vocal", "vocal", "vocal", "vocal", "vocal", "vocal", "vocal", "vocal", "vocal"], "species": "animal", "sr": 16000, "min_frequency": 0, "spec_time_step": 0.0025, "min_segment_length": 0.005, "tolerance": 0.01, "time_per_frame_for_scoring": 0.001, "eps": 0.02}