{"onset": [10.321946424182846, 10.915704104202506, 11.47407225362497, 14.533300565249448, 19.98328827721799, 20.793315310887195, 21.217989678053577, 21.646596215286312, 21.96903416072745, 23.45539444580978, 24.104202506758416, 24.83951830916687, 25.56303760137626, 28.05996559351192, 30.407471123126076, 31.469157041042024, 31.716883755222412, 33.70656180879823, 33.914966822315066, 34.111575325632835, 35.47603833865815, 35.97542393708528, 37.21405750798722, 38.983534037847136, 42.58933398869501, 44.747972474809536, 47.49668223150651, 49.60522650937986, 54.665028262472354, 56.21037109855001, 59.17522732858196, 60.0088473826493, 60.28803145736053, 60.68518063406243, 61.30646350454657, 61.7704595723765, 62.34848857213075, 63.123126075202755, 64.08257557139346, 65.12066846891128, 65.34480216269354, 65.65839272548537, 65.80879823052346, 67.44265585319899, 68.65568935856476, 70.01622020152372, 70.34652248709757, 70.55099533054805, 71.67166379945932, 72.387318751536, 74.16072745146228, 75.25780289997543, 75.92627181125583, 76.09535512410912, 78.04177930695502, 78.56869009584665, 79.74047677562055, 80.22806586384861, 81.24649791103465, 81.41164905382158, 81.56107151634308, 81.73801916932908, 82.09191447530105, 82.22954042762349, 82.37503072007864, 82.53624969279922, 82.68173998525437, 82.83902678790858, 86.49201277955271, 88.17498156795281, 88.49741951339395, 88.65470631604816, 88.81985745883509, 88.94568690095846, 89.10297370361268, 89.44900466945195, 89.56696977144261, 89.7085278938314, 91.83583189972967, 92.0088473826493, 92.17399852543622, 92.32342098795773, 92.67338412386336, 92.79921356598673, 92.94863602850823, 93.1019906610961, 93.2514131236176, 93.4362251167363, 93.70361268124846, 93.88056033423446, 94.4939788645859, 94.72204472843451, 95.71688375522241, 97.21897272057016, 97.46669943475055, 97.67903661833374, 97.95428852297862, 98.33570901941509, 98.44974195133939, 98.63455394445809, 98.83116244777587, 99.3384123863357, 99.53108871958712], "offset": [10.404521995576308, 11.002211845662325, 11.560579995084787, 14.619808306709265, 20.073728188744163, 20.871958712214305, 21.30056524944704, 21.721307446547062, 22.04767756205456, 23.5419021872696, 24.190710248218235, 24.9338903907594, 25.64168100270337, 28.130744654706316, 30.493978864585895, 31.5595969525682, 31.807323666748587, 33.78913738019169, 34.00540673384124, 34.198083067092654, 35.570410420250674, 36.069796018677806, 37.3123617596461, 39.0661096092406, 42.67584173015483, 44.84246743671664, 47.579257802899974, 49.67903661833374, 54.727942983534035, 56.29687884000983, 59.26959941017449, 60.05996559351192, 60.37847136888671, 60.78348488572131, 61.39297124600639, 61.829442123371834, 62.43106414352421, 63.21356598672892, 64.14549029245515, 65.17965101990661, 65.43524207421972, 65.72622265913, 65.89923814204964, 67.50823298107643, 68.74219710002457, 70.09093143278447, 70.40943720815925, 70.60997788154337, 71.73064635045466, 72.48169083312854, 74.23150651265668, 75.34431064143524, 76.02064389284837, 76.1857950356353, 78.12828704841485, 78.63553698697469, 79.83878102727942, 80.28311624477759, 81.32907348242811, 81.4706316048169, 81.7183583189973, 82.00147456377488, 82.18628655689359, 82.3435733595478, 82.48119931187024, 82.6424182845908, 82.79184074711232, 82.94519537970017, 86.54706316048168, 88.26935364954534, 88.564266404522, 88.71762103710985, 88.89456869009585, 89.08724502334726, 89.37036126812485, 89.51191939051364, 89.69279921356599, 89.97198328827722, 91.9026787908577, 92.06782993364463, 92.2998279675596, 92.58687638240355, 92.76382403538953, 92.91324649791103, 93.05873679036618, 93.21209142295405, 93.37331039567461, 93.49913983779798, 93.77439174244286, 93.9827967559597, 94.58835094617842, 94.82428115015975, 95.7797984762841, 97.29368395183091, 97.53747849594495, 97.78520521012534, 98.02506758417302, 98.40693864176292, 98.55984271319734, 98.74465470631606, 98.94912754976653, 99.46817399852543, 99.66871467190956], "cluster": ["vocal", "vocal", "vocal", "vocal", "vocal", "vocal", "vocal", "vocal", "vocal", "vocal", "vocal", "vocal", "vocal", "vocal", "vocal", "vocal", "vocal", "vocal", "vocal", "vocal", "vocal", "vocal", "vocal", "vocal", "vocal", "vocal", "vocal", "vocal", "vocal", "vocal", "vocal", "vocal", "vocal", "vocal", "vocal", "vocal", "vocal", "vocal", "vocal", "vocal", "vocal", "vocal", "vocal", "vocal", "vocal", "vocal", "vocal", "vocal", "vocal", "vocal", "vocal", "vocal", "vocal", "vocal", "vocal", "vocal", "vocal", "vocal", "vocal", "vocal", "vocal", "vocal", "vocal", "vocal", "vocal", "vocal", "vocal", "vocal", "vocal", "vocal", "vocal", "vocal", "vocal", "vocal", "vocal", "vocal", "vocal", "vocal", "vocal", "vocal", "vocal", "vocal", "vocal", "vocal", "vocal", "vocal", "vocal", "vocal", "vocal", "vocal", "vocal", "vocal", "vocal", "vocal", "vocal", "vocal", "vocal", "vocal", "vocal", "vocal", "vocal", "vocal", "vocal"], "species": "animal", "sr": 16000, "min_frequency": 0, "spec_time_step": 0.0025, "min_segment_length": 0.005, "tolerance": 0.01, "time_per_frame_for_scoring": 0.001, "eps": 0.02}