{"onset": [0.7117227820103219, 5.406733841238633, 7.514376996805112, 8.29687884000983, 8.34013271073974, 12.413860899483902, 13.035143769968052, 14.155812238879331, 14.666994347505529, 15.127058245269108, 16.02359302039813, 17.148193659375767, 18.807569427377736, 18.842958957974933, 20.17989678053576, 20.288277217989677, 20.408208405013518, 21.957237650528384, 22.279675595969525, 31.885967068075693, 31.944949619071025, 33.49422462521504, 33.65544359793561, 36.35684443352175, 38.617842221676085, 39.08577045957237, 39.12840992872942, 39.718849840255594, 44.9604325387073, 45.30646350454657, 45.349717375276484, 47.80732366674859, 49.36053084295896, 57.84222167608749, 59.3482428115016, 60.28803145736053, 60.4846399606783, 60.885721307446545, 60.99188989923814, 61.22388793315311, 61.581715409191446, 61.849102973703616, 62.80462029982797, 62.906856721553204, 63.14278692553453, 65.93462767264684], "offset": [0.7785696731383632, 5.473580732366675, 7.593020398132219, 8.316539690341607, 8.367657901204227, 12.468911280412877, 13.098058491029738, 14.175473089211108, 14.733841238633572, 15.15851560579995, 16.094372081592528, 17.1717866797739, 18.839026787908576, 18.886212828704842, 20.223150651265666, 20.325673793724913, 20.435487834848857, 22.00442369132465, 22.3347259768985, 31.905627918407472, 31.964610469402803, 33.53747849594495, 33.730154829196366, 36.376505283853525, 38.63357090194151, 39.10936347997051, 39.14868518063406, 39.7974932415827, 45.03907594003441, 45.3300565249447, 45.3654460555419, 47.834848857213075, 49.38019169329073, 57.897272057016465, 59.415089702629636, 60.32735315802408, 60.520029491275494, 60.91717866797739, 61.043008110100764, 61.27107397394937, 61.617104939788646, 61.8766281641681, 62.87539936102237, 63.00909314327845, 63.19390513639715, 66.00540673384124], "cluster": ["vocal", "vocal", "vocal", "vocal", "vocal", "vocal", "vocal", "vocal", "vocal", "vocal", "vocal", "vocal", "vocal", "vocal", "vocal", "vocal", "vocal", "vocal", "vocal", "vocal", "vocal", "vocal", "vocal", "vocal", "vocal", "vocal", "vocal", "vocal", "vocal", "vocal", "vocal", "vocal", "vocal", "vocal", "vocal", "vocal", "vocal", "vocal", "vocal", "vocal", "vocal", "vocal", "vocal", "vocal", "vocal", "vocal"], "species": "animal", "sr": 16000, "min_frequency": 0, "spec_time_step": 0.0025, "min_segment_length": 0.005, "tolerance": 0.01, "time_per_frame_for_scoring": 0.001, "eps": 0.02}