{"onset": [1.35428316232489, 3.2456569642418316, 4.901100562177433, 6.068955071884986, 7.189623540796262, 7.897414152740225, 8.754627227205702, 11.750940817768495, 14.385494762226585, 17.012184366551978, 20.562933936470884, 22.792474364094375, 23.740127350086027, 26.071904199434755, 27.22796219894323, 29.571535558491036, 31.39606246927991, 34.74233919574834, 35.42653678729417, 37.03872651449987, 38.65091624170557, 40.55408655382158, 42.02078598857213, 44.16381867473581, 45.764211891742434, 49.84187225055297, 52.142191739370844, 55.55531535696733, 56.668119485745876, 57.39950311808798, 57.53712907041043, 57.93821041717868, 58.35895261427871, 65.94017650221184, 84.5707982766036, 93.80746576247236], "offset": [1.460451754116491, 3.3557577260997817, 5.003336983902685, 6.1751236636765725, 7.303656472720576, 8.011447084664539, 8.860795818997303, 11.849245069427383, 14.499527694150899, 17.13408163860899, 20.66517035819612, 22.890778615753263, 23.869888962275752, 26.182004961292705, 27.34199513086753, 29.677704150282636, 31.51009540120424, 34.86816863787172, 35.53270537908577, 37.168488126689596, 38.76888134369625, 40.668119485745876, 42.119090240231, 44.281783776726456, 45.87824482366676, 49.94804084234457, 52.25622467129517, 55.6536196086262, 56.77428807753748, 57.446689158884254, 57.6000437914721, 58.01292164843943, 58.50051073666748, 66.08959896473334, 84.7202207391251, 93.89397350393216], "cluster": ["vocal", "vocal", "vocal", "vocal", "vocal", "vocal", "vocal", "vocal", "vocal", "vocal", "vocal", "vocal", "vocal", "vocal", "vocal", "vocal", "vocal", "vocal", "vocal", "vocal", "vocal", "vocal", "vocal", "vocal", "vocal", "vocal", "vocal", "vocal", "vocal", "vocal", "vocal", "vocal", "vocal", "vocal", "vocal", "vocal"], "species": "animal", "sr": 16000, "min_frequency": 0, "spec_time_step": 0.0025, "min_segment_length": 0.005, "tolerance": 0.01, "time_per_frame_for_scoring": 0.001, "eps": 0.02}