{"current_step": 10000, "train/learning_rate": 0.0, "train/loss": 0.37411170721054077, "epoch": 47.388625592417064, "_timestamp": 1705453164.0548344, "_runtime": 6659.92674946785, "_step": 99, "_wandb": {"runtime": 6689}}