{"current_step": 500, "train/learning_rate": 0.0, "train/loss": 0.9226136711239815, "epoch": 62.4375, "_timestamp": 1705498914.8527138, "_runtime": 581.0150027275085, "_step": 4, "_wandb": {"runtime": 611}}