onset,offset
4.277179819915254,4.333677436440678
4.364347571125908,4.435373146186441
4.472,4.524
4.5596679025423725,4.666206265133172
4.673649717514124,4.713578692493948
4.724,4.852
5.608,5.664
5.689635858050848,5.767118303571429
5.8,5.852
5.888,5.992
5.996,6.044
6.056,6.184
7.524,7.58
7.605790292070218,7.680044302360775
7.716,7.764771589991929
7.804,7.908
7.912,7.96
7.96737503783293,8.106197752723972
8.912,8.968
8.99401744098063,9.07795675696126
9.104,9.156
9.192,9.296
9.304,9.352
9.36,9.488
