onset,offset
2.433010492332526,2.4891041162227605
2.509685230024213,2.5916061339790155
2.6251008878127524,2.673527037933818
2.704,2.808
2.812,2.86
2.868,2.996
