onset,offset
0.4,0.4559999999999999
0.4733656174334141,0.5569007263922519
0.5875706214689266,0.6408393866020986
0.672,0.7759999999999999
0.787587116955267,0.828
0.836,0.964
2.664,2.72
2.7344393538135594,2.819591164749798
2.848,2.9
2.932,3.036
3.0465034463372125,3.088
3.096,3.224
4.58,4.636
4.657371822033898,4.738083333333334
4.768,4.82
4.852,4.956
4.964671261782951,5.004
5.012,5.14
