onset,offset
4.349860963983051,4.40716613700565
4.42572978460452,4.501598605225989
4.532,4.584
4.612,4.716
4.722503446337213,4.757496553662787
4.770367937853107,4.937440766242938
5.352,5.408
5.424115554378531,5.504827065677966
5.536,5.588
5.616,5.72
5.727251723168607,5.765496553662788
5.776,5.904
