onset,offset
8.461259079903147,8.515334947538337
8.54277643260694,8.615415657788539
8.648,8.7
8.732,8.836
8.847922612358277,8.884
8.896,9.024
9.632,9.688
9.709846650524616,9.789749798224374
9.82,9.872
9.908,10.012
10.02067099080602,10.06
10.068,10.196
10.6,10.656
10.679176755447942,10.75827280064568
10.788,10.84
10.876,10.98
10.98867099080602,11.028
11.04,11.168
12.56,12.616
12.636400322841,12.723567393058918
12.748,12.8
12.832,12.936
12.945754864656772,12.984
12.996,13.124
