onset,offset
2.912,2.968
2.988684763418079,3.0750460805084745
3.1,3.152
3.184,3.288
3.2964589200837047,3.336
3.344,3.472
