onset,offset
3.0,3.056
3.0742401256053267,3.1577778450363194
3.18,3.232
3.26,3.364
3.37267126178295,3.412
3.416,3.544
