{"current_step": 1000, "train/learning_rate": 2.4489795918367347e-06, "train/loss": 1.1483622550964356, "epoch": 4.734597156398104, "_timestamp": 1705446387.2152197, "_runtime": 688.4276807308197, "_step": 9}