{"current_step": 200, "train/learning_rate": 2.25e-06, "train/loss": 1.3230169641971588, "epoch": 12.4375, "_timestamp": 1705444486.0154796, "_runtime": 156.93190050125122, "_step": 1, "_wandb": {"runtime": 177}}