onset,offset,cluster
4.349860963983051,4.40716613700565,syll_1
4.42572978460452,4.501598605225989,syll_3
4.532,4.584,syll_2
4.612,4.716,syll_5
4.722503446337213,4.757496553662787,syll_0
4.770367937853107,4.937440766242938,syll_4
5.352,5.408,syll_1
5.424115554378531,5.504827065677966,syll_3
5.536,5.588,syll_2
5.616,5.72,syll_5
5.727251723168607,5.765496553662788,syll_0
5.776,5.904,syll_4
