onset,offset,cluster
3.0,3.056,syll_1
3.0742401256053267,3.1577778450363194,syll_3
3.18,3.232,syll_2
3.26,3.364,syll_5
3.37267126178295,3.412,syll_0
3.416,3.544,syll_4
