onset,offset,cluster
0.4,0.456,syll_1
0.4733656174334141,0.5569007263922519,syll_3
0.5875706214689266,0.6408393866020986,syll_2
0.672,0.776,syll_5
0.787587116955267,0.828,syll_0
0.836,0.964,syll_4
2.664,2.72,syll_1
2.7344393538135594,2.819591164749798,syll_3
2.848,2.9,syll_2
2.932,3.036,syll_5
3.0465034463372125,3.088,syll_0
3.096,3.224,syll_4
4.58,4.636,syll_1
4.657371822033898,4.738083333333334,syll_3
4.768,4.82,syll_2
4.852,4.956,syll_5
4.964671261782951,5.004,syll_0
5.012,5.14,syll_4
