onset,offset,cluster
2.912,2.968,syll_1
2.988684763418079,3.0750460805084745,syll_3
3.1,3.152,syll_2
3.184,3.288,syll_5
3.2964589200837047,3.336,syll_0
3.344,3.472,syll_4
