onset,offset,cluster
2.433010492332526,2.4891041162227605,syll_1
2.509685230024213,2.5916061339790155,syll_3
2.6251008878127524,2.673527037933818,syll_2
2.704,2.808,syll_5
2.812,2.86,syll_0
2.868,2.996,syll_4
