{"current_step": 500, "train/learning_rate": 0.0, "train/loss": 0.22286311574280263, "epoch": 62.4375, "_timestamp": 1705501169.0945208, "_runtime": 585.0550618171692, "_step": 4, "_wandb": {"runtime": 616}}