{"current_step": 500, "train/learning_rate": 0.0, "train/loss": 0.2442270064353943, "epoch": 31.1875, "_timestamp": 1705444894.2496738, "_runtime": 366.38053274154663, "_step": 4, "_wandb": {"runtime": 397}}